INSERT INTO `supawdb`.`product` (`productID`, `productName`, `price`, `inventory`, `description`, `imagePath`) VALUES ('101', 'Kramer’s Kibbles', '24.99', '300', 'From the hit TV Show Seinfeld comes Kramer’s Kibbles! This fantastic chow has all of the nutrients your dog needs so that he won’t have to go next door for a snack!', 'product-images/kramer\'s-kibbles.png');
INSERT INTO `supawdb`.`product` (`productID`, `productName`, `price`, `inventory`, `description`, `imagePath`) VALUES ('102', 'All Green Dog Food', '39.99', '400', 'This all organic dog chow is made from all natural ingredients. It\'s so green that your dog may turn green! *Only feed in specified doses.', 'product-images/All-Green-Dog-Food.png');
INSERT INTO `supawdb`.`product` (`productID`, `productName`, `price`, `inventory`, `description`, `imagePath`) VALUES ('103', 'Bone Dry Food', '9.99', '200', 'This chow is for the God fearing dog that doesn’t mind things the old fashioned way. No special ingredients to be seen here.', 'product-images/bone-dry-food.png');
INSERT INTO `supawdb`.`product` (`productID`, `productName`, `price`, `inventory`, `description`, `imagePath`) VALUES ('104', 'Better Than Human Food', '34.99', '400', 'For the family where enough is never enough. Serve your mutt michelin star meals because you wouldn’t have it any other way. During the nuclear winters you can even pop open a can to feed yourself!', 'product-images/better-than-human-food.png');
INSERT INTO `supawdb`.`product` (`productID`, `productName`, `price`, `inventory`, `description`, `imagePath`) VALUES ('105', 'Sigma Wolf Chow', '29.99', '350', 'Feed the inner beast inside your pup that has been hankering for some genuine red meat. Let your pup rip and tear at the most processed meats to be fit into kibble shape.', 'product-images/sigma-wolf-chow.png');
INSERT INTO `supawdb`.`product` (`productID`, `productName`, `price`, `inventory`, `description`, `imagePath`) VALUES ('106', 'Jerry Seinfeld Dog Toy', '8.99', '500', 'From the hit TV Show Seinfeld comes Jerry Seinfeld Dog Toy. What’s the deal with dog toys? For the dog that just can’t stop binging Seinfeld.', 'product-images/Jerry-Seinfeld-Dog-Toy.png');
INSERT INTO `supawdb`.`product` (`productID`, `productName`, `price`, `inventory`, `description`, `imagePath`) VALUES ('107', 'Annoying Chicken', '9.99', '200', 'Who needs sleep anyway? This chicken squeaker will keep your dog busy all throughout the night. Such fun! (French Bulldog not included).', 'product-images/annoying-chicken.jpg');
INSERT INTO `supawdb`.`product` (`productID`, `productName`, `price`, `inventory`, `description`, `imagePath`) VALUES ('108', 'Dog Dog Toy', '17.99', '450', 'Is your dog lonely? Get them a Dog Dog Toy. No you won’t have to give your pup any attention because they’ve got their own friend to pass the time with.', 'product-images/Dog-Dog-Toy.jpg');
INSERT INTO `supawdb`.`product` (`productID`, `productName`, `price`, `inventory`, `description`, `imagePath`) VALUES ('109', 'Official Bush’s Beans Dog Toy Set', '24.99', '300', 'The Official Bush’s Beans Dog Toy Set includes the Bush’s Baked Beans toy along with the limited edition Bush’s Chili Beans Kidney Beans Mild Chili Sauce toy.', 'product-images/Beans-Dog-Toy.png');
INSERT INTO `supawdb`.`product` (`productID`, `productName`, `price`, `inventory`, `description`, `imagePath`) VALUES ('110', 'Dog Whiskey', '19.99', '400', 'Some might ask why a dog would need a whiskey bottle to play with but they clearly don’t understand things like you do. Buy today!', 'product-images/Whiskey-Dog-Toy.png');
INSERT INTO `supawdb`.`product` (`productID`, `productName`, `price`, `inventory`, `description`, `imagePath`) VALUES ('111', 'Dog Collar', '8.99', '400', 'Every dog needs a collar and every collar needs a dog. We hope that today you can give a collar a nice home around your pup’s neck.', 'product-images/dog-collar.jpg');
INSERT INTO `supawdb`.`product` (`productID`, `productName`, `price`, `inventory`, `description`, `imagePath`) VALUES ('112', 'Spikey Dog Collar', '14.99', '200', 'For the dog who is too cool for school and a normal collar would be selling them short. Get them this spikey collar that will tell every pedestrian to keep their distance from this beast.', 'product-images/spikey-collar.jpg');
INSERT INTO `supawdb`.`product` (`productID`, `productName`, `price`, `inventory`, `description`, `imagePath`) VALUES ('113', '“Good Boy” Bandana', '9.99', '450', 'You can’t have a good boy without a nice bandana around its neck. Perfect for the honest God-fearing dog.', 'product-images/dog-bandana.jpg');
INSERT INTO `supawdb`.`product` (`productID`, `productName`, `price`, `inventory`, `description`, `imagePath`) VALUES ('114', 'Dog Jordans', '54.99', '100', 'Officially licensed Dog Jordans and Lebron doggy Jersey. For the hype beast that is in every dog. ', 'product-images/dog-jordans.png');
INSERT INTO `supawdb`.`product` (`productID`, `productName`, `price`, `inventory`, `description`, `imagePath`) VALUES ('115', 'Doggy Drip', '89.99', '1', 'Does your dog radiate swagger and charisma with every step? Get them this genuine gold chain to show off and assert their innate superiority over other dogs.', 'product-images/doggy-drip.jpg');
INSERT INTO `supawdb`.`product` (`productID`, `productName`, `price`, `inventory`, `description`, `imagePath`) VALUES ('116', 'Super Duper Pooper Scooper', '19.99', '100', 'Every dog needs to poop and every poop needs to be scooped. This is where the Doggy Pooper Scooper comes in. This makes it so easy for humans to collect their dogs poop.', 'product-images/doggy-pooper-scooper.jpg');
INSERT INTO `supawdb`.`product` (`productID`, `productName`, `price`, `inventory`, `description`, `imagePath`) VALUES ('117', 'Dog Leash', '14.99', '300', 'Does your dog like to walk in order to escape being trapped inside all day? Don’t let them be too free and ensure they understand their captivity with a rope that stops them from truly being a dog.', 'product-images/dog-leash.png');
INSERT INTO `supawdb`.`product` (`productID`, `productName`, `price`, `inventory`, `description`, `imagePath`) VALUES ('118', '“Good Boy” Harness', '17.99', '350', 'Keep your dog thoroughly strapped down with this “Good Boy” Harness because every dog needs a conveniently accessible handle.', 'product-images/good-boy-harness.jpg');
INSERT INTO `supawdb`.`product` (`productID`, `productName`, `price`, `inventory`, `description`, `imagePath`) VALUES ('119', 'Overpriced Dog Bowl', '39.99', '200', 'Do you want to keep your dog’s food and water at the temperature that it currently is for a little bit longer than it would be otherwise. Then spend twice the amount of money on this product.', 'product-images/over-priced-dog-bowl.jpeg');
INSERT INTO `supawdb`.`product` (`productID`, `productName`, `price`, `inventory`, `description`, `imagePath`) VALUES ('120', '“Good Boy” Dog Bed', '29.99', '50', 'Sleepy puppy needs a sleepy bed. Give your dog this comfy bed but buyer beware your doggy may never want to leave it.', 'product-images/dog-bed.jpg');
INSERT INTO `supawdb`.`product` (`productID`, `productName`, `price`, `inventory`, `description`, `imagePath`) VALUES ('121', 'Kramer’s Kitty Delight', '24.99', '30', 'Fans of “Kramer’s Kibbles” will be delighted to know that Kramer makes food for cats too. Your cat will kick open the door as quickly as possible to get at this yummy food.', 'product-images/kramer\'s-kitty-delight.png');
INSERT INTO `supawdb`.`product` (`productID`, `productName`, `price`, `inventory`, `description`, `imagePath`) VALUES ('122', 'Bone Dry Cat Food', '9.99', '100', 'Cat’s don’t need actual good food. Instead get them some really dry smelly food. Flavor? Who needs it?', 'product-images/bone-dry-cat-food.png');
INSERT INTO `supawdb`.`product` (`productID`, `productName`, `price`, `inventory`, `description`, `imagePath`) VALUES ('123', 'Wet Food in a Can', '14.99', '200', 'Have you ever wished for a bunch of really small cans holding paste that your cats really love? That’s a really lame wish but you can buy it if you really want to.', 'product-images/wet-food-in-a-can.png');
INSERT INTO `supawdb`.`product` (`productID`, `productName`, `price`, `inventory`, `description`, `imagePath`) VALUES ('124', 'Cat Food With Peas', '18.99', '200', 'Introducing: Cat Food With Peas! Humans don’t want to eat peas so we put it in cat food. Please buy this. We have too many peas and we need to get rid of them somehow.', 'product-images/cat-food-with-peas.png');
INSERT INTO `supawdb`.`product` (`productID`, `productName`, `price`, `inventory`, `description`, `imagePath`) VALUES ('125', 'Alpha Panther Food', '19.99', '100', 'You need to feed the inner panther inside of your house cat. Let them remember the great outdoors that their ancestors fought through with this carnivore delight.', 'product-images/alpha-panther-food.png');
INSERT INTO `supawdb`.`product` (`productID`, `productName`, `price`, `inventory`, `description`, `imagePath`) VALUES ('126', 'Cat Tank', '44.99', '100', 'Sometimes a cat just needs to go to war and fight for what is right. This is for the militant cat that we all have in our lives. This product features kevlar plating.', 'product-images/cat-tank.jpg');
INSERT INTO `supawdb`.`product` (`productID`, `productName`, `price`, `inventory`, `description`, `imagePath`) VALUES ('127', 'Really Tiny Mouse', '1.99', '800', 'Have you ever wanted a really teeny mouse for your cat to play with for a few days and inevitably lose. Here you go!', 'product-images/really-small-mouse.jpg');
INSERT INTO `supawdb`.`product` (`productID`, `productName`, `price`, `inventory`, `description`, `imagePath`) VALUES ('128', 'Sisyphus Cat', '97.99', '0', 'For the cat who is burdened with the plight of man. An eternal struggle. For the cat cursed by the gods to a life of never-ending struggle and hardship.', 'product-images/sisyphus-cat.png');
INSERT INTO `supawdb`.`product` (`productID`, `productName`, `price`, `inventory`, `description`, `imagePath`) VALUES ('129', 'Cat-Puter', '29.99', '300', 'Every cat needs to get their software engineering classwork done. This Cat-Puter works with SQL but your cat will still have trouble with the query statements just like everyone else.', 'product-images/cat-puter.jpg');
INSERT INTO `supawdb`.`product` (`productID`, `productName`, `price`, `inventory`, `description`, `imagePath`) VALUES ('130', 'Cat Laser-Matic', '95.99', '250', 'Have you ever wanted a robot in your house with a laser? Buy a laser robot for your house.', 'product-images/cat-laser.jpg');
INSERT INTO `supawdb`.`product` (`productID`, `productName`, `price`, `inventory`, `description`, `imagePath`) VALUES ('131', 'Cat Collar', '8.99', '350', 'Every cute kitty needs a little bell around its neck to give the birds in the backyard a fighting chance.', 'product-images/cat-collar.png');
INSERT INTO `supawdb`.`product` (`productID`, `productName`, `price`, `inventory`, `description`, `imagePath`) VALUES ('132', 'Cat Bow Tie', '11.99', '400', 'For the formal cat who goes on dinner dates on the weekends. Give them this fancy little tie because they are such a good kitty.', 'product-images/cat-bow-tie.png');
INSERT INTO `supawdb`.`product` (`productID`, `productName`, `price`, `inventory`, `description`, `imagePath`) VALUES ('133', 'Kitty Hat', '9.99', '300', 'Ever wanted to burden your cat with something they definitely don’t want on their head. The kitty hat is the purrfect tool to turn your cat into an enemy.', 'product-images/kitty-hat.png');
INSERT INTO `supawdb`.`product` (`productID`, `productName`, `price`, `inventory`, `description`, `imagePath`) VALUES ('134', 'Cat Lion Costume', '14.99', '240', 'The kitty thinks that they look so scary in their lion costume but really they are so adorable. This cat can never be taken seriously.', 'product-images/cat-lion.jpg');
INSERT INTO `supawdb`.`product` (`productID`, `productName`, `price`, `inventory`, `description`, `imagePath`) VALUES ('135', 'Kitty Drip', '89.99', '100', 'Does your cat have too much clout to handle? Get them some drip so that they can swag out on the other kitties.', 'product-images/swag-kitty-color.jpg');
INSERT INTO `supawdb`.`product` (`productID`, `productName`, `price`, `inventory`, `description`, `imagePath`) VALUES ('136', 'Kitty Bed', '14.99', '300', 'So soft and fluffy. This kitty bed will give your cat the perfect place to stay, however, most cats will refuse to sleep at night and instead cause trouble at 3 am.', 'product-images/cat-bed.jpg');
INSERT INTO `supawdb`.`product` (`productID`, `productName`, `price`, `inventory`, `description`, `imagePath`) VALUES ('137', 'Cat Crack', '24.99', '250', 'Is your cat a total junky? Fuel their addiction with cat crack. Because what is life without dependency!', 'product-images/cat-nip.jpg');
INSERT INTO `supawdb`.`product` (`productID`, `productName`, `price`, `inventory`, `description`, `imagePath`) VALUES ('138', 'Cat Bowls Set', '19.99', '200', 'Are you tired of your cat having to eat their food out of bowls that don’t look like their face? Get bowls that look like your cat\'s face!', 'product-images/cat-bowls.png');
INSERT INTO `supawdb`.`product` (`productID`, `productName`, `price`, `inventory`, `description`, `imagePath`) VALUES ('139', 'Cat-Tropolis', '98.99', '40', 'This sprawling maze of cat fun will take up way too much space in your living room and the cat will never use it. But you will never get rid of it because you spent too much on it to just give it up.', 'product-images/cat-tropolis.jpg');
INSERT INTO `supawdb`.`product` (`productID`, `productName`, `price`, `inventory`, `description`, `imagePath`) VALUES ('140', 'Kitty Bread Bed', '17.99', '400', 'Ever wanted a nice bread loaf for your cat to sleep on? That’s a strange thing to ask for but here it is!', 'product-images/bread-cat-bed.jpg');

INSERT INTO `supawdb`.`category` (`categoryID`, `categoryName`) VALUES ('201', 'Dog');
INSERT INTO `supawdb`.`category` (`categoryID`, `categoryName`) VALUES ('202', 'Cat');
INSERT INTO `supawdb`.`category` (`categoryID`, `categoryName`) VALUES ('203', 'Dog Food');
INSERT INTO `supawdb`.`category` (`categoryID`, `categoryName`) VALUES ('204', 'Dog Toys');
INSERT INTO `supawdb`.`category` (`categoryID`, `categoryName`) VALUES ('205', 'Dog Accessories');
INSERT INTO `supawdb`.`category` (`categoryID`, `categoryName`) VALUES ('206', 'Dog Equipment');
INSERT INTO `supawdb`.`category` (`categoryID`, `categoryName`) VALUES ('207', 'Cat Food');
INSERT INTO `supawdb`.`category` (`categoryID`, `categoryName`) VALUES ('208', 'Cat Toys');
INSERT INTO `supawdb`.`category` (`categoryID`, `categoryName`) VALUES ('209', 'Cat Accessories');
INSERT INTO `supawdb`.`category` (`categoryID`, `categoryName`) VALUES ('210', 'Cat Equipment');

INSERT INTO `supawdb`.`incategory` (`id`, `catID`, `productID`) VALUES ('301', '201', '101');
INSERT INTO `supawdb`.`incategory` (`id`, `catID`, `productID`) VALUES ('302', '201', '102');
INSERT INTO `supawdb`.`incategory` (`id`, `catID`, `productID`) VALUES ('303', '201', '103');
INSERT INTO `supawdb`.`incategory` (`id`, `catID`, `productID`) VALUES ('304', '201', '104');
INSERT INTO `supawdb`.`incategory` (`id`, `catID`, `productID`) VALUES ('305', '201', '105');
INSERT INTO `supawdb`.`incategory` (`id`, `catID`, `productID`) VALUES ('306', '201', '106');
INSERT INTO `supawdb`.`incategory` (`id`, `catID`, `productID`) VALUES ('307', '201', '107');
INSERT INTO `supawdb`.`incategory` (`id`, `catID`, `productID`) VALUES ('308', '201', '108');
INSERT INTO `supawdb`.`incategory` (`id`, `catID`, `productID`) VALUES ('309', '201', '109');
INSERT INTO `supawdb`.`incategory` (`id`, `catID`, `productID`) VALUES ('310', '201', '110');
INSERT INTO `supawdb`.`incategory` (`id`, `catID`, `productID`) VALUES ('311', '201', '111');
INSERT INTO `supawdb`.`incategory` (`id`, `catID`, `productID`) VALUES ('312', '201', '112');
INSERT INTO `supawdb`.`incategory` (`id`, `catID`, `productID`) VALUES ('313', '201', '113');
INSERT INTO `supawdb`.`incategory` (`id`, `catID`, `productID`) VALUES ('314', '201', '114');
INSERT INTO `supawdb`.`incategory` (`id`, `catID`, `productID`) VALUES ('315', '201', '115');
INSERT INTO `supawdb`.`incategory` (`id`, `catID`, `productID`) VALUES ('316', '201', '116');
INSERT INTO `supawdb`.`incategory` (`id`, `catID`, `productID`) VALUES ('317', '201', '117');
INSERT INTO `supawdb`.`incategory` (`id`, `catID`, `productID`) VALUES ('318', '201', '118');
INSERT INTO `supawdb`.`incategory` (`id`, `catID`, `productID`) VALUES ('319', '201', '119');
INSERT INTO `supawdb`.`incategory` (`id`, `catID`, `productID`) VALUES ('320', '201', '120');

INSERT INTO `supawdb`.`incategory` (`id`, `catID`, `productID`) VALUES ('321', '202', '121');
INSERT INTO `supawdb`.`incategory` (`id`, `catID`, `productID`) VALUES ('322', '202', '122');
INSERT INTO `supawdb`.`incategory` (`id`, `catID`, `productID`) VALUES ('323', '202', '123');
INSERT INTO `supawdb`.`incategory` (`id`, `catID`, `productID`) VALUES ('324', '202', '124');
INSERT INTO `supawdb`.`incategory` (`id`, `catID`, `productID`) VALUES ('325', '202', '125');
INSERT INTO `supawdb`.`incategory` (`id`, `catID`, `productID`) VALUES ('326', '202', '126');
INSERT INTO `supawdb`.`incategory` (`id`, `catID`, `productID`) VALUES ('327', '202', '127');
INSERT INTO `supawdb`.`incategory` (`id`, `catID`, `productID`) VALUES ('328', '202', '128');
INSERT INTO `supawdb`.`incategory` (`id`, `catID`, `productID`) VALUES ('329', '202', '129');
INSERT INTO `supawdb`.`incategory` (`id`, `catID`, `productID`) VALUES ('330', '202', '130');
INSERT INTO `supawdb`.`incategory` (`id`, `catID`, `productID`) VALUES ('331', '202', '131');
INSERT INTO `supawdb`.`incategory` (`id`, `catID`, `productID`) VALUES ('332', '202', '132');
INSERT INTO `supawdb`.`incategory` (`id`, `catID`, `productID`) VALUES ('333', '202', '133');
INSERT INTO `supawdb`.`incategory` (`id`, `catID`, `productID`) VALUES ('334', '202', '134');
INSERT INTO `supawdb`.`incategory` (`id`, `catID`, `productID`) VALUES ('335', '202', '135');
INSERT INTO `supawdb`.`incategory` (`id`, `catID`, `productID`) VALUES ('336', '202', '136');
INSERT INTO `supawdb`.`incategory` (`id`, `catID`, `productID`) VALUES ('337', '202', '137');
INSERT INTO `supawdb`.`incategory` (`id`, `catID`, `productID`) VALUES ('338', '202', '138');
INSERT INTO `supawdb`.`incategory` (`id`, `catID`, `productID`) VALUES ('339', '202', '139');
INSERT INTO `supawdb`.`incategory` (`id`, `catID`, `productID`) VALUES ('340', '202', '140');

INSERT INTO `supawdb`.`incategory` (`id`, `catID`, `productID`) VALUES ('341', '203', '101');
INSERT INTO `supawdb`.`incategory` (`id`, `catID`, `productID`) VALUES ('342', '203', '102');
INSERT INTO `supawdb`.`incategory` (`id`, `catID`, `productID`) VALUES ('343', '203', '103');
INSERT INTO `supawdb`.`incategory` (`id`, `catID`, `productID`) VALUES ('344', '203', '104');
INSERT INTO `supawdb`.`incategory` (`id`, `catID`, `productID`) VALUES ('345', '203', '105');

INSERT INTO `supawdb`.`incategory` (`id`, `catID`, `productID`) VALUES ('346', '204', '106');
INSERT INTO `supawdb`.`incategory` (`id`, `catID`, `productID`) VALUES ('347', '204', '107');
INSERT INTO `supawdb`.`incategory` (`id`, `catID`, `productID`) VALUES ('348', '204', '108');
INSERT INTO `supawdb`.`incategory` (`id`, `catID`, `productID`) VALUES ('349', '204', '109');
INSERT INTO `supawdb`.`incategory` (`id`, `catID`, `productID`) VALUES ('350', '204', '110');

INSERT INTO `supawdb`.`incategory` (`id`, `catID`, `productID`) VALUES ('351', '205', '111');
INSERT INTO `supawdb`.`incategory` (`id`, `catID`, `productID`) VALUES ('352', '205', '112');
INSERT INTO `supawdb`.`incategory` (`id`, `catID`, `productID`) VALUES ('353', '205', '113');
INSERT INTO `supawdb`.`incategory` (`id`, `catID`, `productID`) VALUES ('354', '205', '114');
INSERT INTO `supawdb`.`incategory` (`id`, `catID`, `productID`) VALUES ('355', '205', '115');

INSERT INTO `supawdb`.`incategory` (`id`, `catID`, `productID`) VALUES ('356', '206', '116');
INSERT INTO `supawdb`.`incategory` (`id`, `catID`, `productID`) VALUES ('357', '206', '117');
INSERT INTO `supawdb`.`incategory` (`id`, `catID`, `productID`) VALUES ('358', '206', '118');
INSERT INTO `supawdb`.`incategory` (`id`, `catID`, `productID`) VALUES ('359', '206', '119');
INSERT INTO `supawdb`.`incategory` (`id`, `catID`, `productID`) VALUES ('360', '206', '120');

INSERT INTO `supawdb`.`incategory` (`id`, `catID`, `productID`) VALUES ('361', '207', '121');
INSERT INTO `supawdb`.`incategory` (`id`, `catID`, `productID`) VALUES ('362', '207', '122');
INSERT INTO `supawdb`.`incategory` (`id`, `catID`, `productID`) VALUES ('363', '207', '123');
INSERT INTO `supawdb`.`incategory` (`id`, `catID`, `productID`) VALUES ('364', '207', '124');
INSERT INTO `supawdb`.`incategory` (`id`, `catID`, `productID`) VALUES ('365', '207', '125');

INSERT INTO `supawdb`.`incategory` (`id`, `catID`, `productID`) VALUES ('366', '208', '126');
INSERT INTO `supawdb`.`incategory` (`id`, `catID`, `productID`) VALUES ('367', '208', '127');
INSERT INTO `supawdb`.`incategory` (`id`, `catID`, `productID`) VALUES ('368', '208', '128');
INSERT INTO `supawdb`.`incategory` (`id`, `catID`, `productID`) VALUES ('369', '208', '129');
INSERT INTO `supawdb`.`incategory` (`id`, `catID`, `productID`) VALUES ('370', '208', '130');

INSERT INTO `supawdb`.`incategory` (`id`, `catID`, `productID`) VALUES ('371', '209', '131');
INSERT INTO `supawdb`.`incategory` (`id`, `catID`, `productID`) VALUES ('372', '209', '132');
INSERT INTO `supawdb`.`incategory` (`id`, `catID`, `productID`) VALUES ('373', '209', '133');
INSERT INTO `supawdb`.`incategory` (`id`, `catID`, `productID`) VALUES ('374', '209', '134');
INSERT INTO `supawdb`.`incategory` (`id`, `catID`, `productID`) VALUES ('375', '209', '135');

INSERT INTO `supawdb`.`incategory` (`id`, `catID`, `productID`) VALUES ('376', '210', '136');
INSERT INTO `supawdb`.`incategory` (`id`, `catID`, `productID`) VALUES ('377', '210', '137');
INSERT INTO `supawdb`.`incategory` (`id`, `catID`, `productID`) VALUES ('378', '210', '138');
INSERT INTO `supawdb`.`incategory` (`id`, `catID`, `productID`) VALUES ('379', '210', '139');
INSERT INTO `supawdb`.`incategory` (`id`, `catID`, `productID`) VALUES ('380', '210', '140');

INSERT INTO `supawdb`.`user` (`userID`, `username`, `password`, `isAdmin`) VALUES ('401', 'walter', '$2b$10$nJoBPlk1YQk7k5bwPPPIF.T4L7BSFSH.TfYU6O4YNBK20S7PMdHzq', '0');
INSERT INTO `supawdb`.`user` (`userID`, `username`, `password`, `isAdmin`) VALUES ('402', 'adam', '$2b$10$nJoBPlk1YQk7k5bwPPPIF.T4L7BSFSH.TfYU6O4YNBK20S7PMdHzq', '1');
INSERT INTO `supawdb`.`user` (`userID`, `username`, `password`, `isAdmin`) VALUES ('403', 'whitney', '$2b$10$nJoBPlk1YQk7k5bwPPPIF.T4L7BSFSH.TfYU6O4YNBK20S7PMdHzq', '0');
INSERT INTO `supawdb`.`user` (`userID`, `username`, `password`, `isAdmin`) VALUES ('404', 'josh', '$2b$10$nJoBPlk1YQk7k5bwPPPIF.T4L7BSFSH.TfYU6O4YNBK20S7PMdHzq', '0');
INSERT INTO `supawdb`.`user` (`userID`, `username`, `password`, `isAdmin`) VALUES ('405', 'sammy', '$2b$10$nJoBPlk1YQk7k5bwPPPIF.T4L7BSFSH.TfYU6O4YNBK20S7PMdHzq', '0');

INSERT INTO `supawdb`.`address` (`addressID`, `line1`, `line2`, `city`, `state`, `zip`) VALUES ('1', '1', '1', '1', '1', '1');
INSERT INTO `supawdb`.`address` (`addressID`, `line1`, `line2`, `city`, `state`, `zip`) VALUES ('501', '308 Negra Arroyo Lane', '', 'Albuquerque', 'New Mexico', '87104');
INSERT INTO `supawdb`.`address` (`addressID`, `line1`, `city`, `state`, `zip`) VALUES ('502', '709 Rainbow Road', 'Austin', 'Texas', '73301');

INSERT INTO `supawdb`.`userAddress` (`id`, `user`, `address`, `addressType`) VALUES ('601', '401', '501', 'Shipping');
INSERT INTO `supawdb`.`userAddress` (`id`, `user`, `address`, `addressType`) VALUES ('602', '402', '502', 'Billing');

INSERT INTO `supawdb`.`purchase` (`purchaseID`, `user`, `product`, `quantity`, `purchaseTime`) VALUES ('701', '401', '126', '4', '2024-03-30 09:49:30');

INSERT INTO `supawdb`.`review` (`reviewID`, `userID`, `productID`, `reviewText`, `rating`) VALUES ('801', '401', '101', "Kramer's Kibbles captures the essence of Seinfeld's comedic charm, offering dogs a nutritious and tasty treat to keep them satisfied.", '5');
INSERT INTO `supawdb`.`review` (`reviewID`, `userID`, `productID`, `reviewText`, `rating`) VALUES ('802', '402', '101', "With Kramer's Kibbles, your furry friend can enjoy a delicious snack without resorting to neighborly antics, delivering both flavor and essential nutrients.", '4');
INSERT INTO `supawdb`.`review` (`reviewID`, `userID`, `productID`, `reviewText`, `rating`) VALUES ('803', '403', '101', "Seinfeld fans and pet owners alike will appreciate the humor and quality behind Kramer's Kibbles, ensuring dogs stay happy and healthy while avoiding any 'next-door' adventures.", '3');

INSERT INTO `supawdb`.`review` (`reviewID`, `userID`, `productID`, `reviewText`, `rating`) VALUES ('804', '404', '102', "My dog absolutely loves this all-organic chow; not only is it packed with natural goodness, but it also keeps him healthy and energetic!", '5');
INSERT INTO `supawdb`.`review` (`reviewID`, `userID`, `productID`, `reviewText`, `rating`) VALUES ('805', '405', '102', "With its commitment to organic ingredients, this dog food gives me peace of mind knowing I'm feeding my furry friend the best; plus, the eco-friendly approach is a bonus!", '4');
INSERT INTO `supawdb`.`review` (`reviewID`, `userID`, `productID`, `reviewText`, `rating`) VALUES ('806', '401', '102', "While the organic concept is commendable, I found the dosage instructions confusing and worried about potential health risks if not followed correctly.", '1');

INSERT INTO `supawdb`.`review` (`reviewID`, `userID`, `productID`, `reviewText`, `rating`) VALUES ('807', '402', '103', "My dog thrives on this traditional chow, and I appreciate its simplicity and focus on natural ingredients without any unnecessary additives.", '4');
INSERT INTO `supawdb`.`review` (`reviewID`, `userID`, `productID`, `reviewText`, `rating`) VALUES ('808', '403', '103', "Although marketed as 'old fashioned,' I found this dog chow lacking in variety and essential nutrients, leaving my pet unsatisfied and craving more.", '2');
INSERT INTO `supawdb`.`review` (`reviewID`, `userID`, `productID`, `reviewText`, `rating`) VALUES ('809', '404', '103', "While I respect the emphasis on simplicity, the lack of special ingredients makes this dog food unappealing and potentially nutritionally deficient for my furry", '1');

INSERT INTO `supawdb`.`review` (`reviewID`, `userID`, `productID`, `reviewText`, `rating`) VALUES ('810', '405', '104', "Indulge your canine companion with Michelin-star quality meals, perfect for families who spare no expense on their beloved pets.", '3');
INSERT INTO `supawdb`.`review` (`reviewID`, `userID`, `productID`, `reviewText`, `rating`) VALUES ('811', '401', '104', "While the idea of serving your dog gourmet cuisine is enticing, the suggestion of consuming the same product during extreme circumstances raises concerns about its suitability for human consumption.", '4');
INSERT INTO `supawdb`.`review` (`reviewID`, `userID`, `productID`, `reviewText`, `rating`) VALUES ('812', '402', '104', "For families seeking luxury even for their pets, this product offers extravagant meals, but the mention of serving it during 'nuclear winters' seems out of touch and potentially insensitive.", '4');

INSERT INTO `supawdb`.`review` (`reviewID`, `userID`, `productID`, `reviewText`, `rating`) VALUES ('813', '403', '105', "Satisfy your dog's primal cravings with genuine red meat, providing a flavorful and protein-rich option for their diet.", '4');
INSERT INTO `supawdb`.`review` (`reviewID`, `userID`, `productID`, `reviewText`, `rating`) VALUES ('814', '404', '105', "While the concept of feeding your dog processed meats in kibble form may appeal to some not to me", '2');
INSERT INTO `supawdb`.`review` (`reviewID`, `userID`, `productID`, `reviewText`, `rating`) VALUES ('815', '405', '105', "This product offers a convenient way to incorporate red meat into your dog's diet, but the heavy processing raises questions about its nutritional value and overall healthiness.", '5');

INSERT INTO `supawdb`.`review` (`reviewID`, `userID`, `productID`, `reviewText`, `rating`) VALUES ('816', '401', '106', "The Jerry Seinfeld Dog Toy brings a touch of comedic nostalgia to playtime, perfect for Seinfeld fans looking to share their love of the show with their furry friend.", '5');
INSERT INTO `supawdb`.`review` (`reviewID`, `userID`, `productID`, `reviewText`, `rating`) VALUES ('817', '402', '106', "While the concept of a Seinfeld-themed dog toy is amusing, its appeal might be limited to fans of the show, leaving other dogs unimpressed.", '5');
INSERT INTO `supawdb`.`review` (`reviewID`, `userID`, `productID`, `reviewText`, `rating`) VALUES ('818', '403', '106', "For pups with a penchant for binge-watching Seinfeld, this toy offers entertainment and companionship, but its durability and functionality remain to be tested.", '5');

INSERT INTO `supawdb`.`review` (`reviewID`, `userID`, `productID`, `reviewText`, `rating`) VALUES ('819', '404', '107', "With its relentless squeaking, this chicken toy ensures your dog stays entertained, but its nocturnal activity might disrupt your sleep.", '4');
INSERT INTO `supawdb`.`review` (`reviewID`, `userID`, `productID`, `reviewText`, `rating`) VALUES ('820', '405', '107', "The incessant squeaks of this chicken toy provide endless entertainment for your dog, though its nighttime antics may leave you longing for some peace and quiet.", '4');
INSERT INTO `supawdb`.`review` (`reviewID`, `userID`, `productID`, `reviewText`, `rating`) VALUES ('821', '401', '107', "While the chicken squeaker promises endless fun for your pup, its tendency to keep them engaged all night long might leave you wishing for some rest.", '2');

INSERT INTO `supawdb`.`review` (`reviewID`, `userID`, `productID`, `reviewText`, `rating`) VALUES ('822', '402', '108', "The Dog Dog Toy offers companionship for your lonely pup, but relying solely on it for entertainment might neglect the social interaction dogs need.", '4');
INSERT INTO `supawdb`.`review` (`reviewID`, `userID`, `productID`, `reviewText`, `rating`) VALUES ('823', '403', '108', "While the Dog Dog Toy may provide temporary solace for a lonely dog, it's important to remember that it cannot replace real dog.", '4');
INSERT INTO `supawdb`.`review` (`reviewID`, `userID`, `productID`, `reviewText`, `rating`) VALUES ('824', '404', '108', "I was skeptical about peas in cat food, but my cats seem to love it – and hey, it's a creative way to use up excess peas!", '4');

INSERT INTO `supawdb`.`review` (`reviewID`, `userID`, `productID`, `reviewText`, `rating`) VALUES ('825', '402', '109', "My dog loves playing with these adorable bean-shaped toys!", '4');
INSERT INTO `supawdb`.`review` (`reviewID`, `userID`, `productID`, `reviewText`, `rating`) VALUES ('826', '403', '109', "The Bush's Beans Dog Toy Set is a cute and durable addition to any dog's toy collection.", '5');
INSERT INTO `supawdb`.`review` (`reviewID`, `userID`, `productID`, `reviewText`, `rating`) VALUES ('827', '404', '109', "These toys are not only fun for my pup, but they also make for great photo opportunities!", '4');

INSERT INTO `supawdb`.`review` (`reviewID`, `userID`, `productID`, `reviewText`, `rating`) VALUES ('828', '405', '110', "My dog's new whiskey bottle toy is a hit – quirky and entertaining!", '4');
INSERT INTO `supawdb`.`review` (`reviewID`, `userID`, `productID`, `reviewText`, `rating`) VALUES ('829', '401', '110', "This whiskey bottle dog toy is a unique addition to our playtime routine, and my dog adores it.", '5');
INSERT INTO `supawdb`.`review` (`reviewID`, `userID`, `productID`, `reviewText`, `rating`) VALUES ('830', '402', '110', "I never thought my dog would enjoy a whiskey bottle toy, but it's surprisingly durable and entertaining for him.", '5');

INSERT INTO `supawdb`.`review` (`reviewID`, `userID`, `productID`, `reviewText`, `rating`) VALUES ('831', '403', '111', "Finally found a collar that matches my pup's personality perfectly!", '5');
INSERT INTO `supawdb`.`review` (`reviewID`, `userID`, `productID`, `reviewText`, `rating`) VALUES ('832', '404', '111', "This collar is not only stylish but also durable and comfortable for my furry friend.", '5');
INSERT INTO `supawdb`.`review` (`reviewID`, `userID`, `productID`, `reviewText`, `rating`) VALUES ('833', '405', '111', "The perfect collar for my dog – sturdy, adjustable, and looks great on him!", '3');

INSERT INTO `supawdb`.`review` (`reviewID`, `userID`, `productID`, `reviewText`, `rating`) VALUES ('834', '401', '112', "My dog looks like a total rockstar in this spikey collar!", '5');
INSERT INTO `supawdb`.`review` (`reviewID`, `userID`, `productID`, `reviewText`, `rating`) VALUES ('835', '402', '112', "This spikey collar adds an edgy vibe to my dog's look, definitely a head-turner.", '4');
INSERT INTO `supawdb`.`review` (`reviewID`, `userID`, `productID`, `reviewText`, `rating`) VALUES ('836', '403', '112', "Love how this spikey collar gives my dog a tough and stylish appearance on our walks!", '3');

INSERT INTO `supawdb`.`review` (`reviewID`, `userID`, `productID`, `reviewText`, `rating`) VALUES ('837', '404', '113', "My dog looks adorable and dapper in this bandana – perfect for any occasion!", '5');
INSERT INTO `supawdb`.`review` (`reviewID`, `userID`, `productID`, `reviewText`, `rating`) VALUES ('838', '405', '113', "This bandana adds a touch of charm and personality to my dog's appearance.", '3');
INSERT INTO `supawdb`.`review` (`reviewID`, `userID`, `productID`, `reviewText`, `rating`) VALUES ('839', '401', '113', "Love the quality and design of this bandana, a must-have accessory for my faithful companion.", '3');

INSERT INTO `supawdb`.`review` (`reviewID`, `userID`, `productID`, `reviewText`, `rating`) VALUES ('840', '402', '114', "My dog is the hypebeast of the neighborhood with these official Dog Jordans and LeBron jersey!", '5');
INSERT INTO `supawdb`.`review` (`reviewID`, `userID`, `productID`, `reviewText`, `rating`) VALUES ('841', '403', '114', "These Dog Jordans and LeBron jersey are a must-have for any dog who wants to stay stylish and on-trend.", '4');
INSERT INTO `supawdb`.`review` (`reviewID`, `userID`, `productID`, `reviewText`, `rating`) VALUES ('842', '404', '114', "My dog's street cred just went through the roof with these official Dog Jordans and LeBron jersey – definitely worth the purchase!", '5');

INSERT INTO `supawdb`.`review` (`reviewID`, `userID`, `productID`, `reviewText`, `rating`) VALUES ('843', '405', '115', "My dog's confidence soared with this genuine gold chain – they strut around like they own the place!", '5');
INSERT INTO `supawdb`.`review` (`reviewID`, `userID`, `productID`, `reviewText`, `rating`) VALUES ('844', '401', '115', "This gold chain adds a touch of flair and sophistication to my dog's look, definitely a head-turner at the dog park.", '5');
INSERT INTO `supawdb`.`review` (`reviewID`, `userID`, `productID`, `reviewText`, `rating`) VALUES ('845', '402', '115', "With this genuine gold chain, my dog exudes an undeniable sense of swagger and superiority – a true standout among the pack.", '5');

INSERT INTO `supawdb`.`review` (`reviewID`, `userID`, `productID`, `reviewText`, `rating`) VALUES ('846', '403', '116', "The Doggy Pooper Scooper has made cleaning up after my dog a breeze – no more messy hands!", '5');
INSERT INTO `supawdb`.`review` (`reviewID`, `userID`, `productID`, `reviewText`, `rating`) VALUES ('847', '404', '116', "This pooper scooper is a game-changer for dog owners – quick, efficient, and sanitary.", '4');
INSERT INTO `supawdb`.`review` (`reviewID`, `userID`, `productID`, `reviewText`, `rating`) VALUES ('848', '405', '116', "Thanks to the Doggy Pooper Scooper, picking up after my dog has never been easier – a must-have for every responsible pet owner.", '3');

INSERT INTO `supawdb`.`review` (`reviewID`, `userID`, `productID`, `reviewText`, `rating`) VALUES ('849', '401', '117', "This rope leash is perfect for keeping my adventurous pup safe during walks!", '4');
INSERT INTO `supawdb`.`review` (`reviewID`, `userID`, `productID`, `reviewText`, `rating`) VALUES ('850', '402', '117', "With this sturdy rope leash, I can give my dog the freedom to explore while still maintaining control.", '4');
INSERT INTO `supawdb`.`review` (`reviewID`, `userID`, `productID`, `reviewText`, `rating`) VALUES ('851', '403', '117', "This leash strikes the right balance between allowing my dog to roam and keeping them safe – a reliable choice for daily walks.", '4');

INSERT INTO `supawdb`.`review` (`reviewID`, `userID`, `productID`, `reviewText`, `rating`) VALUES ('852', '404', '118', "The 'Good Boy' Harness is a game-changer with its convenient handle for better control during walks.", '5');
INSERT INTO `supawdb`.`review` (`reviewID`, `userID`, `productID`, `reviewText`, `rating`) VALUES ('853', '405', '118', "This harness provides both comfort and control for my dog, thanks to its practical handle.", '4');
INSERT INTO `supawdb`.`review` (`reviewID`, `userID`, `productID`, `reviewText`, `rating`) VALUES ('854', '401', '118', "With the 'Good Boy' Harness, I can easily manage my dog with the accessible handle – a must-have for active pups.", '3');

INSERT INTO `supawdb`.`review` (`reviewID`, `userID`, `productID`, `reviewText`, `rating`) VALUES ('855', '402', '119', "This product might be pricey, but it does keep my dog's food and water at the perfect temperature for longer!", '5');
INSERT INTO `supawdb`.`review` (`reviewID`, `userID`, `productID`, `reviewText`, `rating`) VALUES ('856', '403', '119', "Investing in this product has made a noticeable difference in maintaining the temperature of my dog's food and water.", '4');
INSERT INTO `supawdb`.`review` (`reviewID`, `userID`, `productID`, `reviewText`, `rating`) VALUES ('857', '404', '119', "Although it's a splurge, this product's ability to extend the freshness of my dog's food and water is worth every penny.", '5');

INSERT INTO `supawdb`.`review` (`reviewID`, `userID`, `productID`, `reviewText`, `rating`) VALUES ('858', '405', '120', "My dog absolutely loves this comfy bed – it's like a luxury retreat for him!", '5');
INSERT INTO `supawdb`.`review` (`reviewID`, `userID`, `productID`, `reviewText`, `rating`) VALUES ('859', '401', '120', "This bed is so cozy that my dog prefers it over everything else – a definite win!", '5');
INSERT INTO `supawdb`.`review` (`reviewID`, `userID`, `productID`, `reviewText`, `rating`) VALUES ('860', '402', '120', "Once my dog snuggles into this bed, it's nearly impossible to get him out – a testament to its comfort!", '3');

INSERT INTO `supawdb`.`review` (`reviewID`, `userID`, `productID`, `reviewText`, `rating`) VALUES ('861', '403', '121', "My cat goes wild for Kramer's Kibbles – it's like she can't get enough!", '3');
INSERT INTO `supawdb`.`review` (`reviewID`, `userID`, `productID`, `reviewText`, `rating`) VALUES ('862', '404', '121', "Kramer's Kibbles for cats is a hit in our household – my cat can't wait for mealtime!", '4');
INSERT INTO `supawdb`.`review` (`reviewID`, `userID`, `productID`, `reviewText`, `rating`) VALUES ('863', '405', '121', "Finally found a cat food that my picky feline loves – thanks, Kramer's Kibbles!", '3');

INSERT INTO `supawdb`.`review` (`reviewID`, `userID`, `productID`, `reviewText`, `rating`) VALUES ('864', '401', '122', "This dry cat food may lack flavor, but my cat seems to enjoy it nonetheless.", '5');
INSERT INTO `supawdb`.`review` (`reviewID`, `userID`, `productID`, `reviewText`, `rating`) VALUES ('865', '402', '122', "Despite the lack of variety in flavor, this dry cat food gets the job done.", '4');
INSERT INTO `supawdb`.`review` (`reviewID`, `userID`, `productID`, `reviewText`, `rating`) VALUES ('866', '403', '122', "While it may not be gourmet, this dry cat food keeps my feline friend satisfied.", '5');

INSERT INTO `supawdb`.`review` (`reviewID`, `userID`, `productID`, `reviewText`, `rating`) VALUES ('867', '404', '123', "These small cans of cat paste may seem odd, but my cats absolutely devour them!", '5');
INSERT INTO `supawdb`.`review` (`reviewID`, `userID`, `productID`, `reviewText`, `rating`) VALUES ('868', '405', '123', "I was skeptical at first, but my cats can't get enough of this paste – a surprising hit!", '5');
INSERT INTO `supawdb`.`review` (`reviewID`, `userID`, `productID`, `reviewText`, `rating`) VALUES ('869', '401', '123', "Don't let the strange concept fool you – these small cans of cat paste are a hit with my finicky felines.", '3');

INSERT INTO `supawdb`.`review` (`reviewID`, `userID`, `productID`, `reviewText`, `rating`) VALUES ('870', '402', '124', "My cats surprisingly enjoy this cat food with peas – a win-win for both of us!", '5');
INSERT INTO `supawdb`.`review` (`reviewID`, `userID`, `productID`, `reviewText`, `rating`) VALUES ('871', '403', '124', "This cat food with peas is a hit with my cats, and I feel better knowing they're getting some veggies in their diet.", '5');
INSERT INTO `supawdb`.`review` (`reviewID`, `userID`, `productID`, `reviewText`, `rating`) VALUES ('872', '404', '124', "I was skeptical about peas in cat food, but my cats seem to love it – and hey, it's a creative way to use up excess peas!", '3');

INSERT INTO `supawdb`.`review` (`reviewID`, `userID`, `productID`, `reviewText`, `rating`) VALUES ('873', '405', '125', "This carnivore delight brings out the inner panther in my house cat – she devours it with gusto!", '5');
INSERT INTO `supawdb`.`review` (`reviewID`, `userID`, `productID`, `reviewText`, `rating`) VALUES ('874', '401', '125', "My cat's primal instincts shine through when she eats this carnivore delight – a reminder of her wild ancestry.", '4');
INSERT INTO `supawdb`.`review` (`reviewID`, `userID`, `productID`, `reviewText`, `rating`) VALUES ('875', '402', '125', "Feeding my cat this carnivore delight satisfies her inner hunter – she loves the taste and I love seeing her natural instincts in action.", '3');

INSERT INTO `supawdb`.`review` (`reviewID`, `userID`, `productID`, `reviewText`, `rating`) VALUES ('876', '403', '126', "For my fierce feline, this product with Kevlar plating is the ultimate armor – ready for any battle!", '5');
INSERT INTO `supawdb`.`review` (`reviewID`, `userID`, `productID`, `reviewText`, `rating`) VALUES ('877', '404', '126', "My militant cat feels invincible in this product with Kevlar plating – it's like she's geared up for war!", '5');
INSERT INTO `supawdb`.`review` (`reviewID`, `userID`, `productID`, `reviewText`, `rating`) VALUES ('878', '405', '126', "With Kevlar plating, this product ensures my cat is protected during her fiercest battles – a must-have for any warrior cat.", '3');

INSERT INTO `supawdb`.`review` (`reviewID`, `userID`, `productID`, `reviewText`, `rating`) VALUES ('879', '401', '127', "This teeny mouse toy keeps my cat entertained for hours, even if it eventually disappears into the abyss!", '5');
INSERT INTO `supawdb`.`review` (`reviewID`, `userID`, `productID`, `reviewText`, `rating`) VALUES ('880', '402', '127', "My cat loves this tiny mouse toy, although I'm sure it'll mysteriously vanish sooner or later.", '5');
INSERT INTO `supawdb`.`review` (`reviewID`, `userID`, `productID`, `reviewText`, `rating`) VALUES ('881', '403', '127', "Despite its inevitable fate of getting lost, this teeny mouse toy provides endless fun for my cat.", '5');

INSERT INTO `supawdb`.`review` (`reviewID`, `userID`, `productID`, `reviewText`, `rating`) VALUES ('882', '404', '128', "This product is perfect for the cat who embodies the eternal struggle – it adds an air of mystery and intrigue to their daily life.", '4');
INSERT INTO `supawdb`.`review` (`reviewID`, `userID`, `productID`, `reviewText`, `rating`) VALUES ('883', '405', '128', "For my cat, life seems like an epic saga of trials and tribulations – this product complements their noble spirit.", '3');
INSERT INTO `supawdb`.`review` (`reviewID`, `userID`, `productID`, `reviewText`, `rating`) VALUES ('884', '401', '128', "Even in the face of endless hardship, this product adds a touch of dignity and resilience to my cat's demeanor.", '3');

INSERT INTO `supawdb`.`review` (`reviewID`, `userID`, `productID`, `reviewText`, `rating`) VALUES ('885', '402', '129', "My cat might struggle with SQL queries, but at least this Cat-Puter adds a touch of humor to our study sessions!", '5');
INSERT INTO `supawdb`.`review` (`reviewID`, `userID`, `productID`, `reviewText`, `rating`) VALUES ('886', '403', '129', "This Cat-Puter is a fun addition to my desk, even if my cat hasn't quite mastered SQL yet.", '3');
INSERT INTO `supawdb`.`review` (`reviewID`, `userID`, `productID`, `reviewText`, `rating`) VALUES ('887', '404', '129', "Trying to teach my cat SQL with this Cat-Puter is both amusing and challenging – but we're making progress!", '5');

INSERT INTO `supawdb`.`review` (`reviewID`, `userID`, `productID`, `reviewText`, `rating`) VALUES ('888', '405', '130', "This laser robot adds a futuristic touch to my home, and my cat absolutely loves chasing the laser around!", '5');
INSERT INTO `supawdb`.`review` (`reviewID`, `userID`, `productID`, `reviewText`, `rating`) VALUES ('889', '401', '130', "Who knew having a robot with a laser could be so entertaining? Definitely a hit with both me and my pets!", '5');
INSERT INTO `supawdb`.`review` (`reviewID`, `userID`, `productID`, `reviewText`, `rating`) VALUES ('890', '402', '130', "With this laser robot in my house, playtime for my pets has reached a whole new level – endless fun for everyone!", '4');

INSERT INTO `supawdb`.`review` (`reviewID`, `userID`, `productID`, `reviewText`, `rating`) VALUES ('891', '403', '131', "This adorable bell collar adds a charming touch to my kitty's attire while alerting birds to her presence.", '5');
INSERT INTO `supawdb`.`review` (`reviewID`, `userID`, `productID`, `reviewText`, `rating`) VALUES ('892', '404', '131', "With this bell collar, my cute kitty can roam safely outdoors without posing a threat to the backyard birds.", '5');
INSERT INTO `supawdb`.`review` (`reviewID`, `userID`, `productID`, `reviewText`, `rating`) VALUES ('893', '405', '131', "The bell on my kitty's collar not only looks cute but also serves as a gentle warning to birds, keeping them safe.", '5');

INSERT INTO `supawdb`.`review` (`reviewID`, `userID`, `productID`, `reviewText`, `rating`) VALUES ('894', '401', '132', "My formal feline looks dapper in this fancy tie, perfect for his dinner dates on the weekends!", '5');
INSERT INTO `supawdb`.`review` (`reviewID`, `userID`, `productID`, `reviewText`, `rating`) VALUES ('895', '402', '132', "This fancy tie adds a touch of sophistication to my cat's wardrobe, making him the most stylish kitty in town.", '3');
INSERT INTO `supawdb`.`review` (`reviewID`, `userID`, `productID`, `reviewText`, `rating`) VALUES ('896', '403', '132', "With this little tie, my good kitty is always ready for his weekend dinner dates – a true gentleman!", '3');

INSERT INTO `supawdb`.`review` (`reviewID`, `userID`, `productID`, `reviewText`, `rating`) VALUES ('897', '404', '133', "The kitty hat may not be my cat's favorite, but it sure does make for some hilarious photo opportunities!", '5');
INSERT INTO `supawdb`.`review` (`reviewID`, `userID`, `productID`, `reviewText`, `rating`) VALUES ('898', '405', '133', "While my cat may not appreciate the kitty hat, it never fails to bring a smile to my face.", '4');
INSERT INTO `supawdb`.`review` (`reviewID`, `userID`, `productID`, `reviewText`, `rating`) VALUES ('899', '401', '133', "Putting the kitty hat on my cat may not make me the most popular person in his eyes, but the laughs are worth it.", '3');

INSERT INTO `supawdb`.`review` (`reviewID`, `userID`, `productID`, `reviewText`, `rating`) VALUES ('900', '402', '134', "My cat may think he looks fierce in his lion costume, but he's still the most adorable furball around.", '5');
INSERT INTO `supawdb`.`review` (`reviewID`, `userID`, `productID`, `reviewText`, `rating`) VALUES ('901', '403', '134', "Despite his attempts to look scary, my cat in his lion costume just melts hearts with his cuteness.", '3');
INSERT INTO `supawdb`.`review` (`reviewID`, `userID`, `productID`, `reviewText`, `rating`) VALUES ('902', '404', '134', "Even when trying to be intimidating, my cat in his lion costume is just too adorable to take seriously.", '3');

INSERT INTO `supawdb`.`review` (`reviewID`, `userID`, `productID`, `reviewText`, `rating`) VALUES ('903', '405', '135', "My cat's clout level went through the roof with this stylish drip – he's the talk of the town among other kitties!", '4');
INSERT INTO `supawdb`.`review` (`reviewID`, `userID`, `productID`, `reviewText`, `rating`) VALUES ('904', '401', '135', "With this drip, my cat's swagger is unmatched – he's definitely the most fashionable feline on the block.", '3');
INSERT INTO `supawdb`.`review` (`reviewID`, `userID`, `productID`, `reviewText`, `rating`) VALUES ('905', '402', '135', "Who knew my cat could rock drip like this? Now he's strutting around with confidence, outshining all the other kitties.", '4');

INSERT INTO `supawdb`.`review` (`reviewID`, `userID`, `productID`, `reviewText`, `rating`) VALUES ('906', '403', '136', "This soft and fluffy kitty bed is a cozy retreat for my cat, even if he still prefers to cause trouble at 3 am!", '5');
INSERT INTO `supawdb`.`review` (`reviewID`, `userID`, `productID`, `reviewText`, `rating`) VALUES ('907', '404', '136', "Despite my cat's nocturnal antics, this kitty bed provides a comfortable spot for him to rest during the day.", '3');
INSERT INTO `supawdb`.`review` (`reviewID`, `userID`, `productID`, `reviewText`, `rating`) VALUES ('908', '405', '136', "My cat may ignore this bed at night, but during the day, it's his favorite spot to lounge and nap in comfort.", '5');

INSERT INTO `supawdb`.`review` (`reviewID`, `userID`, `productID`, `reviewText`, `rating`) VALUES ('909', '401', '137', "Cat crack is like magic for my cat – she goes crazy for it!", '5');
INSERT INTO `supawdb`.`review` (`reviewID`, `userID`, `productID`, `reviewText`, `rating`) VALUES ('910', '402', '137', "I never thought my cat could be addicted to anything until I introduced her to cat crack – now it's her favorite treat.", '4');
INSERT INTO `supawdb`.`review` (`reviewID`, `userID`, `productID`, `reviewText`, `rating`) VALUES ('911', '403', '137', "Cat crack may sound extreme, but my cat absolutely loves it – it's like her own little addiction.", '4');

INSERT INTO `supawdb`.`review` (`reviewID`, `userID`, `productID`, `reviewText`, `rating`) VALUES ('912', '404', '138', "These cat face bowls add a playful touch to mealtime – my cat seems to enjoy eating out of something that resembles her!", '5');
INSERT INTO `supawdb`.`review` (`reviewID`, `userID`, `productID`, `reviewText`, `rating`) VALUES ('913', '405', '138', "My cat's new bowls that look like her face are not only adorable but also functional – a fun addition to her dining experience.", '5');
INSERT INTO `supawdb`.`review` (`reviewID`, `userID`, `productID`, `reviewText`, `rating`) VALUES ('914', '401', '138', "Who knew cat face bowls could make mealtime so entertaining? My cat seems to love them as much as I do!", '5');

INSERT INTO `supawdb`.`review` (`reviewID`, `userID`, `productID`, `reviewText`, `rating`) VALUES ('915', '402', '139', "This sprawling cat maze may be a bit of an eyesore, but it's worth it for the occasional moment when my cat decides to explore it.", '5');
INSERT INTO `supawdb`.`review` (`reviewID`, `userID`, `productID`, `reviewText`, `rating`) VALUES ('916', '403', '139', "Despite taking up too much space, this cat maze is a conversation starter, and my cat does enjoy it when she's in the mood.", '3');
INSERT INTO `supawdb`.`review` (`reviewID`, `userID`, `productID`, `reviewText`, `rating`) VALUES ('917', '404', '139', "While my cat may not use it as much as I hoped, this cat maze adds a quirky charm to my living room decor.", '3');

INSERT INTO `supawdb`.`review` (`reviewID`, `userID`, `productID`, `reviewText`, `rating`) VALUES ('918', '405', '140', "My cat absolutely adores this bread loaf bed – it's the quirkiest addition to his naptime routine!", '4');
INSERT INTO `supawdb`.`review` (`reviewID`, `userID`, `productID`, `reviewText`, `rating`) VALUES ('919', '401', '140', "Who knew a bread loaf could make such a comfortable bed for my cat? He loves curling up in it.", '4');
INSERT INTO `supawdb`.`review` (`reviewID`, `userID`, `productID`, `reviewText`, `rating`) VALUES ('920', '402', '140', "This bread loaf bed may seem odd, but my cat thinks it's purrfect – he sleeps on it every day!", '4');


